Month,Monthly_Revenue
2025-03,11550.8599529266
2025-04,46692.0099658966
2025-05,45389.7502422333
2025-06,35844.5901021957
