Service_Name,Total_Revenue
Play Area,50148.640089035
Party Room,43762.1901054382
Gymnastics,15480.1800842285
Dance,15474.9399814606
Art,14611.2600030899
